Codi,Nom ,Codi comarca,Nom comarca,Altitud(m),Superfície(km2),Població,densitat(habitants/km2),IST_idescat,Índex socioeconòmic territorial
430666,"Garidells, els",1,Alt Camp,132,3.07,190,61.89,0.0,95.0
431191,Puigpelat,1,Alt Camp,252,9.48,1163,122.68,0.0,95.0
430108,Alió,1,Alt Camp,263,7.25,458,63.17,0.0,95.0
431135,"Pont d'Armentera, el",1,Alt Camp,349,21.67,488,22.52,0.0,95.0
431080,"Pla de Santa Maria, el",1,Alt Camp,381,34.99,2348,67.1,0.0,95.0
430982,Nulles,1,Alt Camp,231,10.61,509,47.97,0.0,95.0
430897,Montferri,1,Alt Camp,229,19.15,403,21.04,0.0,95.0
430363,Cabra del Camp,1,Alt Camp,493,26.95,1175,43.6,0.0,95.0
430918,Mont-ral,1,Alt Camp,888,34.72,168,4.84,0.0,95.0
430831,"Milà, el",1,Alt Camp,166,4.13,190,46.0,0.0,95.0
430803,"Masó, la",1,Alt Camp,115,3.57,280,78.43,0.0,95.0
431606,Vallmoll,1,Alt Camp,161,16.68,1774,106.35,0.0,95.0
431704,Vila-rodona,1,Alt Camp,259,33.11,1276,38.54,0.0,95.0
431652,Vilabella,1,Alt Camp,254,18.19,729,40.08,0.0,95.0
430056,Alcover,1,Alt Camp,243,46.0,5144,111.83,1.0,98.3
430593,Figuerola del Camp,1,Alt Camp,474,22.72,329,14.48,0.0,95.0
431613,Valls,1,Alt Camp,215,55.28,24477,442.78,1.0,92.5
431205,Querol,1,Alt Camp,565,72.26,518,7.17,0.0,95.0
430347,Bràfim,1,Alt Camp,236,6.42,695,108.26,0.0,95.0
431248,"Riba, la",1,Alt Camp,263,7.99,585,73.22,0.0,95.0
430017,Aiguamúrcia,1,Alt Camp,314,72.95,930,12.75,0.0,95.0
431346,"Rourell, el",1,Alt Camp,114,2.32,372,160.34,0.0,95.0
431325,Rodonyà,1,Alt Camp,312,8.49,494,58.19,0.0,95.0
170470,Castelló d'Empúries,2,Alt Empordà,17,42.3,111,2.62,1.0,76.7
171208,Palau-saverdera,2,Alt Empordà,78,16.45,1456,88.51,0.0,84.2
170144,"Vajol, la",2,Alt Empordà,546,4.71,89,18.9,0.0,84.2
171518,Riumors,2,Alt Empordà,7,6.54,246,37.61,0.0,84.2
171788,Sant Pere Pescador,2,Alt Empordà,5,18.45,209,11.33,0.0,84.2
170412,Cantallops,2,Alt Empordà,200,19.62,309,15.75,0.0,84.2
171766,Sant Mori,2,Alt Empordà,51,7.53,166,22.05,0.0,84.2
170160,Bàscara,2,Alt Empordà,66,17.5,1001,57.2,0.0,84.2
171194,Palau de Santa Eulàlia,2,Alt Empordà,86,8.44,90,10.66,0.0,84.2
171289,Pau,2,Alt Empordà,33,10.7,557,52.06,0.0,84.2
171292,Pedret i Marzà,2,Alt Empordà,22,8.65,191,22.08,0.0,84.2
171753,Sant Miquel de Fluvià,2,Alt Empordà,28,3.51,761,216.81,0.0,84.2
170427,Capmany,2,Alt Empordà,107,26.4,611,23.14,0.0,84.2
171024,Maçanet de Cabrenys,2,Alt Empordà,370,67.91,698,10.28,0.0,84.2
171002,Masarac,2,Alt Empordà,85,12.55,288,22.95,0.0,84.2
171061,Mollet de Peralada,2,Alt Empordà,59,6.04,198,32.78,0.0,84.2
171984,Torroella de Fluvià,2,Alt Empordà,9,16.85,703,41.72,0.0,84.2
170329,Cadaqués,2,Alt Empordà,23,26.43,2695,101.97,0.0,84.2
171962,Terrades,2,Alt Empordà,228,20.96,338,16.13,0.0,84.2
170524,Siurana,2,Alt Empordà,33,10.53,171,16.24,0.0,84.2
171117,Navata,2,Alt Empordà,145,18.48,1427,77.22,0.0,84.2
170031,Albanyà,2,Alt Empordà,239,94.39,155,1.64,0.0,84.2
170293,Boadella i les Escaules,2,Alt Empordà,82,10.78,272,25.23,0.0,84.2
171886,"Selva de Mar, la",2,Alt Empordà,48,7.19,195,27.12,0.0,84.2
172348,Biure,2,Alt Empordà,81,10.02,241,24.05,0.0,84.2
170059,"Far d'Empordà, el",2,Alt Empordà,44,9.0,602,66.89,0.0,84.2
170314,Cabanelles,2,Alt Empordà,194,55.58,267,4.8,0.0,84.2
171870,"Saus, Camallera i Llampaies",2,Alt Empordà,86,11.36,856,75.35,0.0,84.2
171156,Ordis,2,Alt Empordà,98,8.55,361,42.22,0.0,84.2
170307,Cabanes,2,Alt Empordà,26,15.02,968,64.45,0.0,84.2
171432,Rabós,2,Alt Empordà,106,45.1,184,4.08,0.0,84.2
172214,Vilafant,2,Alt Empordà,54,8.36,5421,648.44,1.0,104.4
171827,Santa Llogaia d'Àlguema,2,Alt Empordà,42,1.94,368,189.69,0.0,84.2
172109,Ventalló,2,Alt Empordà,28,25.05,846,33.77,0.0,84.2
171523,Roses,2,Alt Empordà,5,45.91,19807,431.43,1.0,79.6
171328,Peralada,2,Alt Empordà,32,43.61,1898,43.52,0.0,84.2
170123,Avinyonet de Puigventós,2,Alt Empordà,70,12.3,1641,133.41,0.0,84.2
170643,Espolla,2,Alt Empordà,124,43.55,412,9.46,0.0,84.2
171582,Sant Climent Sescebes,2,Alt Empordà,86,24.37,707,29.01,0.0,84.2
170741,Fortià,2,Alt Empordà,8,10.76,787,73.14,0.0,84.2
170600,Darnius,2,Alt Empordà,193,34.93,537,15.37,0.0,84.2
170754,Garrigàs,2,Alt Empordà,101,19.89,451,22.67,0.0,84.2
170773,Garriguella,2,Alt Empordà,56,21.01,853,40.6,0.0,84.2
170622,"Escala, l'",2,Alt Empordà,14,16.31,10244,628.08,1.0,80.2
171387,Portbou,2,Alt Empordà,28,9.22,1063,115.29,0.0,84.2
171404,"Port de la Selva, el",2,Alt Empordà,12,41.62,958,23.02,0.0,84.2
171365,Pontós,2,Alt Empordà,94,13.66,260,19.03,0.0,84.2
170669,Figueres,2,Alt Empordà,39,19.3,47235,2447.41,1.0,74.9
172229,Vilaür,2,Alt Empordà,65,5.49,158,28.78,0.0,84.2
172288,Vilanant,2,Alt Empordà,98,16.87,386,22.88,0.0,84.2
172305,Vila-sacra,2,Alt Empordà,16,6.03,758,125.7,0.0,84.2
172272,Vilamaniscle,2,Alt Empordà,169,5.46,212,38.83,0.0,84.2
171352,Pont de Molins,2,Alt Empordà,43,8.66,516,59.58,0.0,84.2
170268,Borrassà,2,Alt Empordà,73,9.45,733,77.57,0.0,84.2
170926,Llançà,2,Alt Empordà,4,27.98,4775,170.66,0.0,84.2
172142,Vilabertran,2,Alt Empordà,19,2.29,993,433.62,0.0,84.2
170545,Colera,2,Alt Empordà,10,24.35,445,18.28,0.0,84.2
172235,Vilajuïga,2,Alt Empordà,31,13.13,1116,85.0,0.0,84.2
170118,"Armentera, l'",2,Alt Empordà,7,5.6,951,169.82,0.0,84.2
170887,Lladó,2,Alt Empordà,197,13.5,844,62.52,0.0,84.2
170865,"Jonquera, la",2,Alt Empordà,110,56.93,332,5.83,0.0,84.2
170010,Agullana,2,Alt Empordà,166,27.73,863,31.12,0.0,84.2
171714,Sant Llorenç de la Muga,2,Alt Empordà,173,31.84,265,8.32,0.0,84.2
172253,Vilamacolum,2,Alt Empordà,5,5.57,377,67.68,0.0,84.2
172266,Vilamalla,2,Alt Empordà,45,8.77,1161,132.38,0.0,84.2
170932,Llers,2,Alt Empordà,142,21.28,1237,58.13,0.0,84.2
170519,Cistella,2,Alt Empordà,130,25.55,282,11.04,0.0,84.2
172174,Viladamat,2,Alt Empordà,13,11.73,458,39.05,0.0,84.2
80581,Castellet i la Gornal,3,Alt Penedès,137,47.48,2382,50.17,0.0,100.0
80850,Font-rubí,3,Alt Penedès,319,37.42,1414,37.79,0.0,100.0
81228,Mediona,3,Alt Penedès,430,47.55,2369,49.82,0.0,100.0
82877,Torrelavit,3,Alt Penedès,202,23.65,1422,60.13,0.0,100.0
83041,Vilobí del Penedès,3,Alt Penedès,286,9.34,1102,117.99,0.0,100.0
80919,Gelida,3,Alt Penedès,196,26.69,767,28.74,1.0,106.3
82883,Torrelles de Foix,3,Alt Penedès,367,36.72,2398,65.31,0.0,100.0
83054,Vilafranca del Penedès,3,Alt Penedès,223,19.65,40154,2043.46,1.0,96.0
80654,Castellví de la Marca,3,Alt Penedès,198,28.4,1575,55.46,0.0,100.0
80945,"Granada, la",3,Alt Penedès,272,6.52,2208,338.65,0.0,100.0
80272,"Cabanyes, les",3,Alt Penedès,252,1.15,979,851.3,0.0,100.0
82270,Sant Martí Sarroca,3,Alt Penedès,291,35.27,3261,92.46,0.0,100.0
81688,Pontons,3,Alt Penedès,584,25.94,528,20.35,0.0,100.0
82401,Sant Sadurní d'Anoia,3,Alt Penedès,162,18.96,12841,677.27,1.0,106.2
82227,Sant Llorenç d'Hortons,3,Alt Penedès,196,19.72,2428,123.12,0.0,100.0
82325,Sant Pere de Riudebitlles,3,Alt Penedès,246,5.38,238,44.24,0.0,100.0
82068,Sant Cugat Sesgarrigues,3,Alt Penedès,266,6.24,1009,161.7,0.0,100.0
81748,Puigdàlber,3,Alt Penedès,239,0.4,524,1310.0,0.0,100.0
82362,Sant Quintí de Mediona,3,Alt Penedès,326,13.84,2317,167.41,0.0,100.0
81542,Pacs del Penedès,3,Alt Penedès,201,6.27,918,146.41,0.0,100.0
82515,Santa Margarida i els Monjos,3,Alt Penedès,161,17.16,7676,447.32,1.0,92.1
82495,Santa Fe del Penedès,3,Alt Penedès,240,3.4,367,107.94,0.0,100.0
80137,Avinyonet del Penedès,3,Alt Penedès,280,29.13,1697,58.26,0.0,100.0
81640,"Pla del Penedès, el",3,Alt Penedès,216,9.57,1275,133.23,0.0,100.0
82732,Subirats,3,Alt Penedès,243,55.9,3104,55.53,0.0,100.0
81458,Olèrdola,3,Alt Penedès,189,30.15,3768,124.98,0.0,100.0
81461,Olesa de Bonesvalls,3,Alt Penedès,265,30.79,184,5.98,0.0,100.0
251556,Organyà,4,Alt Urgell,558,12.53,771,61.53,0.0,93.1
250447,Bassella,4,Alt Urgell,423,70.25,217,3.09,0.0,93.1
259062,"Valls d'Aguilar, les",4,Alt Urgell,669,123.81,245,1.98,0.0,93.1
252038,"Seu d'Urgell, la",4,Alt Urgell,691,15.45,12206,790.03,1.0,92.2
250306,"Pont de Bar, el",4,Alt Urgell,861,42.62,152,3.57,0.0,93.1
251497,Oliana,4,Alt Urgell,469,32.37,1843,56.94,0.0,93.1
251403,Montferrer i Castellbò,4,Alt Urgell,732,176.66,1034,5.85,0.0,93.1
259097,"Vansa i Fórnols, la",4,Alt Urgell,989,106.08,149,1.4,0.0,93.1
252398,"Valls de Valira, les",4,Alt Urgell,740,171.25,784,4.58,0.0,93.1
250328,Arsèguel,4,Alt Urgell,950,10.59,81,7.65,0.0,93.1
259084,Fígols i Alinyà,4,Alt Urgell,602,101.8,244,2.4,0.0,93.1
251654,Peramola,4,Alt Urgell,566,56.17,347,6.18,0.0,93.1
251850,Ribera d'Urgellet,4,Alt Urgell,702,106.96,932,8.71,0.0,93.1
250714,Cava,4,Alt Urgell,1335,42.19,45,1.07,0.0,93.1
250058,Alàs i Cerc,4,Alt Urgell,768,57.67,320,5.55,0.0,93.1
250616,Cabó,4,Alt Urgell,768,80.33,93,1.16,0.0,93.1
259101,Josa i Tuixén,4,Alt Urgell,1206,68.16,103,1.51,0.0,93.1
250772,Coll de Nargó,4,Alt Urgell,573,151.41,540,3.57,0.0,93.1
250886,Estamariu,4,Alt Urgell,1084,21.16,125,5.91,0.0,93.1
252458,Vilaller,5,Alta Ribagorça,981,59.23,549,9.27,0.0,100.1
250432,"Vall de Boí, la",5,Alta Ribagorça,1111,219.49,1019,4.64,0.0,100.1
251734,"Pont de Suert, el",5,Alta Ribagorça,838,148.14,2257,15.24,0.0,100.1
80608,Castellfollit de Riubregós,6,Anoia,467,26.21,162,6.18,0.0,98.6
82286,Sant Martí Sesgueioles,6,Anoia,646,3.87,342,88.37,0.0,98.6
82264,Sant Martí de Tous,6,Anoia,465,39.21,1228,31.32,0.0,98.6
80082,Argençola,6,Anoia,716,47.09,219,4.65,0.0,98.6
81629,"Hostalets de Pierola, els",6,Anoia,361,33.49,298,8.9,0.0,98.6
81192,Masquefa,6,Anoia,257,17.06,9402,551.11,1.0,100.4
80636,Castellolí,6,Anoia,415,25.28,626,24.76,0.0,98.6
80713,Copons,6,Anoia,432,18.66,321,17.2,0.0,98.6
81043,"Llacuna, la",6,Anoia,615,52.23,903,17.29,0.0,98.6
81038,Jorba,6,Anoia,380,30.9,833,26.96,0.0,98.6
81022,Igualada,6,Anoia,313,8.11,40742,5023.67,1.0,100.9
82508,Santa Margarida de Montbui,6,Anoia,316,27.59,10225,370.61,1.0,87.7
81653,"Pobla de Claramunt, la",6,Anoia,265,18.54,2185,117.85,0.0,98.6
80253,"Bruc, el",6,Anoia,489,47.2,211,4.47,0.0,98.6
80288,Cabrera d'Anoia,6,Anoia,299,17.0,1482,87.18,0.0,98.6
81521,Orpí,6,Anoia,375,15.23,151,9.91,0.0,98.6
80312,Calaf,6,Anoia,680,9.22,3656,396.53,0.0,98.6
81764,Pujalt,6,Anoia,770,31.43,210,6.68,0.0,98.6
81614,Piera,6,Anoia,324,57.2,16134,282.06,1.0,94.9
83020,Vilanova del Camí,6,Anoia,302,10.28,12596,1225.29,1.0,91.7
80364,Calonge de Segarra,6,Anoia,688,37.15,188,5.06,0.0,98.6
80214,Bellprat,6,Anoia,653,30.97,64,2.07,0.0,98.6
82573,Santa Maria de Miralles,6,Anoia,543,25.04,119,4.75,0.0,98.6
80446,Capellades,6,Anoia,317,2.94,5342,1817.01,1.0,103.5
81705,"Prats de Rei, els",6,Anoia,608,26.06,537,20.61,0.0,98.6
82922,Vallbona d'Anoia,6,Anoia,289,6.45,1357,210.39,0.0,98.6
82861,"Torre de Claramunt, la",6,Anoia,363,15.02,3741,249.07,0.0,98.6
81430,Òdena,6,Anoia,421,52.66,3668,69.65,0.0,98.6
81859,Rubió,6,Anoia,629,48.0,239,4.98,0.0,98.6
80484,Carme,6,Anoia,351,11.68,785,67.21,0.0,98.6
82975,Veciana,6,Anoia,564,38.9,175,4.5,0.0,98.6
81332,Montmaneu,6,Anoia,709,13.62,151,11.09,0.0,98.6
81897,Sant Pere Sallavinera,6,Anoia,588,22.02,151,6.86,0.0,98.6
82747,Súria,7,Bages,326,23.6,5948,252.03,1.0,99.8
80847,Fonollosa,7,Bages,525,51.67,1459,28.24,0.0,97.0
80109,Artés,7,Bages,316,17.87,5762,322.44,1.0,99.2
80023,Aguilar de Segarra,7,Bages,480,43.32,282,6.51,0.0,97.0
81825,"Pont de Vilomara i Rocafort, el",7,Bages,202,27.41,3907,142.54,0.0,97.0
80902,Gaià,7,Bages,481,39.48,183,4.64,0.0,97.0
82129,Sant Feliu Sasserra,7,Bages,617,22.36,605,27.06,0.0,97.0
81918,Sallent,7,Bages,278,65.22,6735,103.27,1.0,101.1
81136,Manresa,7,Bages,238,41.65,78245,1878.63,1.0,92.1
81398,Mura,7,Bages,454,47.79,220,4.6,0.0,97.0
81271,Monistrol de Montserrat,7,Bages,161,11.77,3139,266.69,0.0,97.0
80983,Sant Salvador de Guardiola,7,Bages,334,37.15,3221,86.7,0.0,97.0
80386,Callús,7,Bages,260,12.5,2129,170.32,0.0,97.0
82135,Sant Fruitós de Bages,7,Bages,247,22.2,8837,398.06,1.0,108.0
82188,Sant Joan de Vilatorrada,7,Bages,277,16.42,10998,669.79,1.0,98.9
81419,Navàs,7,Bages,370,80.62,6018,74.65,1.0,97.2
81402,Navarcles,7,Bages,269,5.52,6057,1097.28,1.0,102.2
82423,Marganell,7,Bages,291,13.53,266,19.66,0.0,97.0
81923,Santpedor,7,Bages,336,16.59,7604,458.35,1.0,112.3
80180,Balsareny,7,Bages,327,36.91,3192,86.48,0.0,97.0
81786,Rajadell,7,Bages,361,45.53,534,11.73,0.0,97.0
80620,Castellnou de Bages,7,Bages,469,29.16,1437,49.28,0.0,97.0
82628,Sant Vicenç de Castellet,7,Bages,176,17.13,9767,570.17,1.0,90.7
82299,Sant Mateu de Bages,7,Bages,569,102.92,608,5.91,0.0,97.0
80538,Castellbell i el Vilar,7,Bages,178,28.47,3719,130.63,0.0,97.0
80121,Avinyó,7,Bages,353,63.23,2289,36.2,0.0,97.0
82779,Talamanca,7,Bages,552,29.43,209,7.1,0.0,97.0
80478,Cardona,7,Bages,507,66.7,4639,69.55,0.0,97.0
80594,Castellfollit del Boix,7,Bages,700,58.9,447,7.59,0.0,97.0
80615,Castellgalí,7,Bages,266,17.21,2119,123.13,0.0,97.0
431166,Prades,8,Baix Camp,950,32.58,588,18.05,0.0,94.5
430884,Montbrió del Camp,8,Baix Camp,132,10.7,2909,271.87,0.0,94.5
430574,"Febró, la",8,Baix Camp,754,16.08,40,2.49,0.0,94.5
430385,Cambrils,8,Baix Camp,24,35.21,34734,986.48,1.0,97.7
431671,Vilanova d'Escornalbou,8,Baix Camp,226,17.16,565,32.93,0.0,94.5
431690,Vilaplana,8,Baix Camp,366,23.2,555,23.92,0.0,94.5
430810,Maspujols,8,Baix Camp,214,3.66,823,224.86,0.0,94.5
431785,Vinyols i els Arcs,8,Baix Camp,95,10.83,2124,196.12,0.0,94.5
431286,Riudecols,8,Baix Camp,299,19.46,1189,61.1,0.0,94.5
431188,Pratdip,8,Baix Camp,245,36.27,726,20.02,0.0,94.5
431270,Riudecanyes,8,Baix Camp,195,17.1,1146,67.02,0.0,94.5
430173,"Argentera, l'",8,Baix Camp,344,10.12,117,11.56,0.0,94.5
430537,Duesaigües,8,Baix Camp,268,13.58,244,17.97,0.0,94.5
430094,Alforja,8,Baix Camp,374,38.24,1783,46.63,0.0,94.5
430923,Mont-roig del Camp,8,Baix Camp,120,63.32,1246,19.68,1.0,80.0
430311,"Borges del Camp, les",8,Baix Camp,238,8.24,2056,249.51,0.0,94.5
430458,Colldejou,8,Baix Camp,431,14.48,168,11.6,0.0,94.5
431628,Vandellòs i l'Hospitalet de l'Infant,8,Baix Camp,281,102.67,6603,64.31,1.0,102.8
430332,Botarell,8,Baix Camp,196,11.95,1077,90.13,0.0,94.5
430038,"Albiol, l'",8,Baix Camp,823,20.34,500,24.58,0.0,94.5
430424,Castellvell del Camp,8,Baix Camp,219,5.21,2828,542.8,0.0,94.5
430075,"Aleixar, l'",8,Baix Camp,262,26.1,893,34.21,0.0,94.5
431299,Riudoms,8,Baix Camp,125,32.43,6569,202.56,1.0,88.2
431233,Reus,8,Baix Camp,117,52.82,106168,2010.0,1.0,92.8
430115,Almoster,8,Baix Camp,290,5.96,1341,225.0,0.0,94.5
431457,"Selva del Camp, la",8,Baix Camp,246,35.31,5683,160.95,1.0,104.8
430154,Arbolí,8,Baix Camp,714,20.78,127,6.11,0.0,94.5
430398,Capafonts,8,Baix Camp,751,13.35,111,8.31,0.0,94.5
431021,Paüls,9,Baix Ebre,378,43.83,545,12.43,0.0,86.4
430136,"Ametlla de Mar, l'",9,Baix Ebre,19,66.86,6866,102.69,1.0,81.0
439060,"Ampolla, l'",9,Baix Ebre,8,35.65,3277,91.92,0.0,86.4
431042,"Perelló, el",9,Baix Ebre,142,100.67,2826,28.07,0.0,86.4
430521,Xerta,9,Baix Ebre,12,32.39,1154,35.63,0.0,86.4
431554,Tortosa,9,Baix Ebre,12,218.51,33439,153.03,1.0,88.5
439018,Deltebre,9,Baix Ebre,6,107.44,11578,107.76,1.0,86.3
430081,Alfara de Carles,9,Baix Ebre,334,63.87,376,5.89,0.0,86.4
430069,Aldover,9,Baix Ebre,14,20.2,905,44.8,0.0,86.4
439044,"Aldea, l'",9,Baix Ebre,9,35.21,4147,117.78,0.0,86.4
439039,Camarles,9,Baix Ebre,13,25.16,3194,126.95,0.0,86.4
430252,Benifallet,9,Baix Ebre,19,62.42,723,11.58,0.0,86.4
431495,Tivenys,9,Baix Ebre,13,53.54,902,16.85,0.0,86.4
431331,Roquetes,9,Baix Ebre,14,136.92,8079,59.01,1.0,92.2
171910,Serra de Daró,10,Baix Empordà,15,7.91,222,28.07,0.0,89.7
172039,Ultramort,10,Baix Empordà,30,4.35,225,51.72,0.0,89.7
171175,Palafrugell,10,Baix Empordà,64,26.88,23244,864.73,1.0,79.8
172044,Ullà,10,Baix Empordà,21,7.29,1177,161.45,0.0,89.7
172327,Vilopriu,10,Baix Empordà,82,16.38,204,12.45,0.0,89.7
170813,Gualta,10,Baix Empordà,15,9.02,402,44.57,0.0,89.7
171978,Torrent,10,Baix Empordà,44,7.96,164,20.6,0.0,89.7
171100,Mont-ras,10,Baix Empordà,88,12.31,168,13.65,0.0,89.7
172095,Vall-llobrega,10,Baix Empordà,49,5.45,897,164.59,0.0,89.7
172057,Ullastret,10,Baix Empordà,49,11.09,274,24.71,0.0,89.7
170558,Colomers,10,Baix Empordà,41,4.35,174,40.0,0.0,89.7
171959,"Tallada d'Empordà, la",10,Baix Empordà,20,16.56,454,27.42,0.0,89.7
171241,Pals,10,Baix Empordà,55,25.83,2395,92.72,0.0,89.7
170852,Jafre,10,Baix Empordà,44,6.64,387,58.28,0.0,89.7
170139,Begur,10,Baix Empordà,200,20.66,3891,188.33,0.0,89.7
172116,Verges,10,Baix Empordà,23,9.7,1169,120.52,0.0,89.7
171215,Palau-sator,10,Baix Empordà,20,12.39,310,25.02,0.0,89.7
170182,Bellcaire d'Empordà,10,Baix Empordà,35,12.64,678,53.64,0.0,89.7
171609,Sant Feliu de Guíxols,10,Baix Empordà,4,16.23,22097,1361.49,1.0,86.3
170577,Corçà,10,Baix Empordà,43,16.29,1268,77.84,0.0,89.7
171267,Parlavà,10,Baix Empordà,40,6.18,391,63.27,0.0,89.7
170486,Castell-Platja d'Aro,10,Baix Empordà,5,21.75,1103,50.71,1.0,88.2
171306,"Pera, la",10,Baix Empordà,93,11.54,435,37.69,0.0,89.7
171181,Palamós,10,Baix Empordà,12,13.98,18135,1297.21,1.0,93.2
179026,Forallac,10,Baix Empordà,51,50.63,1695,33.48,0.0,89.7
171997,Torroella de Montgrí,10,Baix Empordà,31,65.93,11836,179.52,1.0,89.5
171812,Santa Cristina d'Aro,10,Baix Empordà,30,67.55,5287,78.27,1.0,100.0
170708,Fontanilles,10,Baix Empordà,29,9.28,146,15.73,0.0,89.7
170221,"Bisbal d'Empordà, la",10,Baix Empordà,39,20.62,11159,541.17,1.0,84.1
170681,Foixà,10,Baix Empordà,85,18.8,303,16.12,0.0,89.7
170767,Garrigoles,10,Baix Empordà,92,9.4,167,17.77,0.0,89.7
170046,Albons,10,Baix Empordà,25,11.13,759,68.19,0.0,89.7
171447,Regencós,10,Baix Empordà,78,6.27,276,44.02,0.0,89.7
179011,"Cruïlles, Monells i Sant Sadurní de l'Heura",10,Baix Empordà,110,99.84,127,1.27,0.0,89.7
171539,Rupià,10,Baix Empordà,66,5.29,273,51.61,0.0,89.7
170340,Calonge i Sant Antoni,10,Baix Empordà,22,33.57,11331,337.53,1.0,93.6
80734,Cornellà de Llobregat,11,Baix Llobregat,27,6.99,89936,12866.38,1.0,95.9
83015,Viladecans,11,Baix Llobregat,18,20.4,67197,3293.97,1.0,102.0
81141,Martorell,11,Baix Llobregat,56,12.76,28772,2254.86,1.0,90.1
82080,Sant Esteve Sesrovires,11,Baix Llobregat,183,18.56,7696,414.66,1.0,112.0
82009,Sant Boi de Llobregat,11,Baix Llobregat,30,21.47,845,39.36,1.0,99.5
80689,Cervelló,11,Baix Llobregat,122,24.1,9077,376.64,1.0,112.7
81960,Sant Andreu de la Barca,11,Baix Llobregat,42,5.5,27569,5012.55,1.0,99.5
81574,Pallejà,11,Baix Llobregat,41,8.3,11622,1400.24,1.0,111.3
81234,Molins de Rei,11,Baix Llobregat,37,15.94,2594,162.74,1.0,114.6
81691,"Prat de Llobregat, el",11,Baix Llobregat,8,31.41,65385,2081.66,1.0,98.8
80728,Corbera de Llobregat,11,Baix Llobregat,342,18.41,14882,808.37,1.0,108.6
80667,Castellví de Rosanes,11,Baix Llobregat,178,16.38,1933,118.01,0.0,103.9
81477,Olesa de Montserrat,11,Baix Llobregat,124,16.63,24144,1451.83,1.0,99.9
80569,Castelldefels,11,Baix Llobregat,3,12.87,6746,524.16,1.0,110.2
82042,Sant Climent de Llobregat,11,Baix Llobregat,87,10.81,416,38.48,0.0,103.9
82956,Vallirana,11,Baix Llobregat,177,23.88,15312,641.21,1.0,106.7
80765,Esparreguera,11,Baix Llobregat,187,27.4,22302,813.94,1.0,100.6
80207,Begues,11,Baix Llobregat,399,50.44,73,1.45,1.0,119.8
80898,Gavà,11,Baix Llobregat,9,30.75,47057,1530.31,1.0,105.1
81580,"Papiol, el",11,Baix Llobregat,135,8.95,4172,466.15,0.0,103.9
82896,Torrelles de Llobregat,11,Baix Llobregat,126,13.56,6073,447.86,1.0,117.3
80771,Esplugues de Llobregat,11,Baix Llobregat,110,4.6,4715,1025.0,1.0,106.3
80692,Collbató,11,Baix Llobregat,388,18.07,4544,251.47,0.0,103.9
82212,Sant Just Desvern,11,Baix Llobregat,122,7.81,1867,239.05,1.0,122.9
82114,Sant Feliu de Llobregat,11,Baix Llobregat,25,11.82,45467,3846.62,1.0,108.3
89058,"Palma de Cervelló, la",11,Baix Llobregat,100,5.46,2992,547.99,0.0,103.9
82634,Sant Vicenç dels Horts,11,Baix Llobregat,22,9.12,28268,3099.56,1.0,98.5
82172,Sant Joan Despí,11,Baix Llobregat,10,6.17,34267,5553.81,1.0,110.8
82444,Santa Coloma de Cervelló,11,Baix Llobregat,73,7.49,8268,1103.87,1.0,116.7
80018,Abrera,11,Baix Llobregat,105,19.94,12538,628.79,1.0,104.1
430022,Albinyana,12,Baix Penedès,198,19.37,2468,127.41,0.0,90.5
430167,"Arboç, l'",12,Baix Penedès,166,14.13,5609,396.96,1.0,82.1
430206,Banyeres del Penedès,12,Baix Penedès,173,12.19,3207,263.08,0.0,90.5
430901,"Montmell, el",12,Baix Penedès,429,72.8,1582,21.73,0.0,90.5
431634,"Vendrell, el",12,Baix Penedès,49,36.8,38373,1042.74,1.0,90.8
430379,Calafell,12,Baix Penedès,67,20.38,27601,1354.32,1.0,90.7
430799,Masllorenç,12,Baix Penedès,304,6.55,505,77.1,0.0,90.5
430249,Bellvei,12,Baix Penedès,108,8.27,2237,270.5,0.0,90.5
431378,Sant Jaume dels Domenys,12,Baix Penedès,213,24.45,2624,107.32,0.0,90.5
430748,Llorenç del Penedès,12,Baix Penedès,162,4.61,2395,519.52,0.0,90.5
430304,Bonastre,12,Baix Penedès,177,24.97,685,27.43,0.0,90.5
430287,"Bisbal del Penedès, la",12,Baix Penedès,189,32.54,3631,111.59,0.0,90.5
430516,Cunit,12,Baix Penedès,10,9.74,13533,1389.43,1.0,88.7
431401,Santa Oliva,12,Baix Penedès,101,9.65,3353,347.46,0.0,90.5
82457,Santa Coloma de Gramenet,13,Barcelonès,56,7.0,120443,17206.14,1.0,81.5
80193,Barcelona,13,Barcelonès,9,101.35,1664182,16420.15,1.0,108.9
80155,Badalona,13,Barcelonès,6,21.18,223166,10536.64,1.0,94.3
81944,Sant Adrià de Besòs,13,Barcelonès,14,3.82,37447,9802.88,1.0,88.6
81017,"Hospitalet de Llobregat, l'",13,Barcelonès,8,12.4,269382,21724.35,1.0,87.5
82554,Santa Maria de Merlès,14,Berguedà,532,52.08,184,3.53,0.0,99.9
81666,"Pobla de Lillet, la",14,Berguedà,843,51.45,1093,21.24,0.0,99.9
89030,Sant Julià de Cerdanyola,14,Berguedà,954,11.79,229,19.42,0.0,99.9
80240,Borredà,14,Berguedà,854,43.45,464,10.68,0.0,99.9
80116,Avià,14,Berguedà,677,27.23,222,8.15,0.0,99.9
81770,"Quar, la",14,Berguedà,885,38.25,49,1.28,0.0,99.9
81304,Montclar,14,Berguedà,728,21.89,139,6.35,0.0,99.9
80168,Bagà,14,Berguedà,785,43.13,214,4.96,0.0,99.9
81901,Saldes,14,Berguedà,1215,66.4,278,4.19,0.0,99.9
81326,Montmajor,14,Berguedà,756,76.49,469,6.13,0.0,99.9
81424,"Nou de Berguedà, la",14,Berguedà,876,25.01,162,6.48,0.0,99.9
82166,Sant Jaume de Frontanyà,14,Berguedà,1072,21.26,30,1.41,0.0,99.9
81445,Olvan,14,Berguedà,553,35.58,858,24.11,0.0,99.9
81884,Sagàs,14,Berguedà,738,44.6,145,3.25,0.0,99.9
81751,Puig-reig,14,Berguedà,455,45.75,4295,93.88,0.0,99.9
83089,Viver i Serrateix,14,Berguedà,729,66.8,172,2.57,0.0,99.9
80575,Castell de l'Areny,14,Berguedà,954,24.35,67,2.75,0.0,99.9
80500,Castellar del Riu,14,Berguedà,920,32.74,176,5.38,0.0,99.9
80497,Casserres,14,Berguedà,611,29.46,1588,53.9,0.0,99.9
82994,Vilada,14,Berguedà,757,22.34,419,18.76,0.0,99.9
80459,Capolat,14,Berguedà,1279,34.13,84,2.46,0.0,99.9
82687,Cercs,14,Berguedà,650,47.35,115,2.43,0.0,99.9
80996,Guardiola de Berguedà,14,Berguedà,720,61.73,941,15.24,0.0,99.9
82938,Vallcebre,14,Berguedà,1123,27.99,249,8.9,0.0,99.9
251001,Gósol,14,Berguedà,1423,56.29,206,3.66,0.0,99.9
80930,Gisclareny,14,Berguedà,1340,36.47,26,0.71,0.0,99.9
80522,Castellar de n'Hug,14,Berguedà,1395,47.12,156,3.31,0.0,99.9
80229,Berga,14,Berguedà,704,22.57,1676,74.26,1.0,96.9
80787,"Espunyola, l'",14,Berguedà,803,35.46,242,6.82,0.0,99.9
80804,Fígols,14,Berguedà,1154,29.31,43,1.47,0.0,99.9
80924,Gironella,14,Berguedà,469,6.78,4946,729.5,0.0,99.9
259139,Riu de Cerdanya,15,Cerdanya,1173,12.34,93,7.54,0.0,99.7
170242,Bolvir,15,Cerdanya,1145,10.34,375,36.27,0.0,99.7
251272,Lles de Cerdanya,15,Cerdanya,1471,102.79,270,2.63,0.0,99.7
170694,Fontanals de Cerdanya,15,Cerdanya,1180,28.65,437,15.25,0.0,99.7
250518,Bellver de Cerdanya,15,Cerdanya,1061,98.15,2005,20.43,0.0,99.7
170062,Alp,15,Cerdanya,1158,44.29,1593,35.97,0.0,99.7
170849,Isòvol,15,Cerdanya,1088,10.81,281,25.99,0.0,99.7
170828,Guils de Cerdanya,15,Cerdanya,1385,22.02,549,24.93,0.0,99.7
251752,Prats i Sansor,15,Cerdanya,1124,6.57,222,33.79,0.0,99.7
170617,Das,15,Cerdanya,1219,14.58,234,16.05,0.0,99.7
170947,Llívia,15,Cerdanya,1224,12.93,1431,110.67,0.0,99.7
170789,Ger,15,Cerdanya,1135,33.38,449,13.45,0.0,99.7
251790,Prullans,15,Cerdanya,1096,21.21,226,10.66,0.0,99.7
170998,Meranges,15,Cerdanya,1539,37.34,100,2.68,0.0,99.7
251399,Montellà i Martinet,15,Cerdanya,967,54.95,578,10.52,0.0,99.7
172060,Urús,15,Cerdanya,1263,17.42,196,11.25,0.0,99.7
171411,Puigcerdà,15,Cerdanya,1202,18.92,9486,501.37,1.0,90.1
431726,Vilaverd,16,Conca de Barberà,269,12.61,443,35.13,0.0,99.0
430862,Montblanc,16,Conca de Barberà,350,91.07,7379,81.03,1.0,95.1
431016,Passanant i Belltall,16,Conca de Barberà,714,27.35,155,5.67,0.0,99.0
431687,Vilanova de Prades,16,Conca de Barberà,893,21.51,107,4.97,0.0,99.0
430213,Barberà de la Conca,16,Conca de Barberà,475,26.6,471,17.71,0.0,99.0
430461,Conesa,16,Conca de Barberà,705,29.02,100,3.45,0.0,99.0
431592,Vallfogona de Riucorb,16,Conca de Barberà,573,10.94,77,7.04,0.0,99.0
431589,Vallclara,16,Conca de Barberà,625,13.63,88,6.46,0.0,99.0
431055,"Piles, les",16,Conca de Barberà,676,22.39,210,9.38,0.0,99.0
431763,Vimbodí i Poblet,16,Conca de Barberà,496,66.09,890,13.47,0.0,99.0
431074,Pira,16,Conca de Barberà,385,8.01,503,62.8,0.0,99.0
431423,Sarral,16,Conca de Barberà,467,52.39,1538,29.36,0.0,99.0
431418,Pontils,16,Conca de Barberà,551,67.56,122,1.81,0.0,99.0
430614,Forès,16,Conca de Barberà,866,16.03,43,2.68,0.0,99.0
430542,"Espluga de Francolí, l'",16,Conca de Barberà,411,56.97,3736,65.58,0.0,99.0
431439,Savallà del Comtat,16,Conca de Barberà,825,14.8,53,3.58,0.0,99.0
431303,Rocafort de Queralt,16,Conca de Barberà,566,8.47,211,24.91,0.0,99.0
430290,Blancafort,16,Conca de Barberà,428,14.48,382,26.38,0.0,99.0
431460,Senan,16,Conca de Barberà,652,11.7,44,3.76,0.0,99.0
431476,Solivella,16,Conca de Barberà,489,21.37,632,29.57,0.0,99.0
430733,Llorac,16,Conca de Barberà,648,23.33,91,3.9,0.0,99.0
431397,Santa Coloma de Queralt,16,Conca de Barberà,674,33.85,2672,78.94,0.0,99.0
82704,Sitges,17,Garraf,10,43.85,29553,673.96,1.0,111.0
80749,Cubelles,17,Garraf,12,13.49,1577,116.9,1.0,102.0
83073,Vilanova i la Geltrú,17,Garraf,22,33.99,67733,1992.73,1.0,100.5
82310,Sant Pere de Ribes,17,Garraf,44,40.8,31111,762.52,1.0,95.2
80431,Canyelles,17,Garraf,142,14.23,4699,330.22,0.0,101.5
81483,Olivella,17,Garraf,211,38.75,3935,101.55,0.0,101.5
251804,Puiggròs,18,Garrigues,334,9.9,278,28.08,0.0,90.9
250812,"Espluga Calba, l'",18,Garrigues,434,21.53,329,15.28,0.0,90.9
250582,"Borges Blanques, les",18,Garrigues,304,61.55,6173,100.29,1.0,93.1
250292,Arbeca,18,Garrigues,332,58.34,2126,36.44,0.0,90.9
251692,"Pobla de Cérvoles, la",18,Garrigues,663,61.92,189,3.05,0.0,90.9
252069,"Soleràs, el",18,Garrigues,381,12.23,332,27.15,0.0,90.9
250925,"Floresta, la",18,Garrigues,316,5.46,140,25.64,0.0,90.9
251018,"Granadella, la",18,Garrigues,528,88.7,716,8.07,0.0,90.9
252555,Vinaixa,18,Garrigues,479,37.59,450,11.97,0.0,90.9
251057,Granyena de les Garrigues,18,Garrigues,366,20.47,140,6.84,0.0,90.9
250674,Castelldans,18,Garrigues,353,65.1,930,14.29,0.0,90.9
251538,"Omellons, els",18,Garrigues,385,11.06,206,18.63,0.0,90.9
252189,Tarrés,18,Garrigues,578,13.01,102,7.84,0.0,90.9
250096,"Albi, l'",18,Garrigues,526,32.54,744,22.86,0.0,90.9
252537,"Vilosell, el",18,Garrigues,665,18.88,173,9.16,0.0,90.9
250061,"Albagés, l'",18,Garrigues,372,25.7,361,14.05,0.0,90.9
250560,Bovera,18,Garrigues,297,31.12,248,7.97,0.0,90.9
251706,Bellaguarda,18,Garrigues,640,17.14,287,16.74,0.0,90.9
250766,"Cogul, el",18,Garrigues,279,17.51,151,8.62,0.0,90.9
252249,"Torms, els",18,Garrigues,476,13.75,138,10.04,0.0,90.9
250978,Fulleda,18,Garrigues,581,16.18,102,6.3,0.0,90.9
250735,Cervià de les Garrigues,18,Garrigues,444,34.2,662,19.36,0.0,90.9
251193,Juneda,18,Garrigues,264,47.33,3501,73.97,0.0,90.9
251180,Juncosa,18,Garrigues,575,76.49,395,5.16,0.0,90.9
171096,Montagut i Oix,19,Garrotxa,276,93.7,930,9.93,0.0,96.5
170101,Argelaguer,19,Garrotxa,183,12.54,396,31.58,0.0,96.5
171851,Sant Joan les Fonts,19,Garrotxa,342,31.94,3044,95.3,0.0,96.5
171833,Sant Aniol de Finestres,19,Garrotxa,289,47.73,345,7.23,0.0,96.5
172076,"Vall d'en Bas, la",19,Garrotxa,510,90.67,3093,34.11,0.0,96.5
171143,Olot,19,Garrotxa,443,29.03,35926,1237.55,1.0,90.4
172082,"Vall de Bianya, la",19,Garrotxa,367,93.62,1275,13.62,0.0,96.5
172001,Tortellà,19,Garrotxa,276,11.07,818,73.89,0.0,96.5
171334,"Planes d'Hostoles, les",19,Garrotxa,370,37.5,1712,45.65,0.0,96.5
171655,Sant Jaume de Llierca,19,Garrotxa,203,6.75,871,129.04,0.0,96.5
171390,"Preses, les",19,Garrotxa,474,9.39,1855,197.55,0.0,96.5
171621,Sant Ferriol,19,Garrotxa,146,42.24,236,5.59,0.0,96.5
170985,Maià de Montcal,19,Garrotxa,241,17.29,463,26.78,0.0,96.5
170216,Beuda,19,Garrotxa,338,35.91,186,5.18,0.0,96.5
170464,Castellfollit de la Roca,19,Garrotxa,296,0.73,947,1297.26,0.0,96.5
170195,Besalú,19,Garrotxa,151,4.93,2487,504.46,0.0,96.5
171544,Sales de Llierca,19,Garrotxa,260,35.82,159,4.44,0.0,96.5
171058,Mieres,19,Garrotxa,286,26.29,345,13.12,0.0,96.5
171498,Riudaura,19,Garrotxa,572,23.6,481,20.38,0.0,96.5
171616,Sant Feliu de Pallerols,19,Garrotxa,473,34.86,1437,41.22,0.0,96.5
171848,Santa Pau,19,Garrotxa,496,49.01,1614,32.93,0.0,96.5
170736,Fornells de la Selva,20,Gironès,102,11.86,267,22.51,0.0,95.4
170209,Bescanó,20,Gironès,102,35.92,4991,138.95,0.0,95.4
171576,Sant Andreu Salou,20,Gironès,132,5.96,160,26.85,0.0,95.4
170675,Flaçà,20,Gironès,34,6.53,113,17.3,0.0,95.4
170499,Celrà,20,Gironès,71,19.53,5561,284.74,1.0,93.0
170448,Cassà de la Selva,20,Gironès,137,45.21,1041,23.03,1.0,90.2
170025,Aiguaviva,20,Gironès,169,13.92,765,54.96,0.0,95.4
170979,Madremanya,20,Gironès,177,13.72,288,20.99,0.0,95.4
170255,Bordils,20,Gironès,42,7.32,1761,240.57,0.0,95.4
171426,Quart,20,Gironès,91,38.09,3798,99.71,0.0,95.4
171637,Sant Gregori,20,Gironès,112,49.17,3928,79.89,0.0,95.4
171557,Salt,20,Gironès,83,6.64,32138,4840.06,1.0,62.8
171735,Sant Martí Vell,20,Gironès,65,17.52,251,14.33,0.0,95.4
171693,Sant Julià de Ramis,20,Gironès,128,18.8,3576,190.21,0.0,95.4
171680,Sant Joan de Mollet,20,Gironès,54,3.15,498,158.1,0.0,95.4
171864,Sarrià de Ter,20,Gironès,70,4.16,5229,1256.97,1.0,107.8
171729,Sant Martí de Llémena,20,Gironès,256,43.13,641,14.86,0.0,95.4
172155,Vilablareix,20,Gironès,99,6.17,3063,496.43,0.0,95.4
170405,Canet d'Adri,20,Gironès,217,44.41,729,16.42,0.0,95.4
172168,Viladasens,20,Gironès,96,15.74,206,13.09,0.0,95.4
170904,Llambilles,20,Gironès,143,14.58,713,48.9,0.0,95.4
170792,Girona,20,Gironès,70,39.12,103369,2642.36,1.0,100.5
170502,Cervià de Ter,20,Gironès,45,9.9,966,97.58,0.0,95.4
170890,Llagostera,20,Gironès,160,76.38,8647,113.21,1.0,89.9
170871,Juià,20,Gironès,94,8.36,319,38.16,0.0,95.4
170388,Campllong,20,Gironès,113,8.59,537,62.51,0.0,95.4
171668,Sant Jordi Desvalls,20,Gironès,57,11.72,760,64.85,0.0,95.4
81976,Sant Andreu de Llavaneres,21,Maresme,114,11.83,11133,941.08,1.0,113.7
82649,Sant Vicenç de Montalt,21,Maresme,143,8.05,6452,801.49,1.0,117.7
80076,Arenys de Munt,21,Maresme,121,21.29,9121,428.42,1.0,103.7
81189,"Masnou, el",21,Maresme,27,3.39,23831,7029.79,1.0,113.5
82359,Sant Pol de Mar,21,Maresme,15,7.53,5428,720.85,1.0,113.0
81265,Montgat,21,Maresme,20,2.91,122,41.92,1.0,114.7
81555,Palafolls,21,Maresme,16,16.56,9613,580.5,1.0,100.1
80403,Canet de Mar,21,Maresme,15,5.56,14865,2673.56,1.0,101.7
80752,Dosrius,21,Maresme,147,40.73,5652,138.77,1.0,110.3
80351,Calella,21,Maresme,5,8.0,19277,2409.62,1.0,92.4
80305,Cabrils,21,Maresme,147,7.05,7432,1054.18,1.0,119.2
81939,Sant Iscle de Vallalta,21,Maresme,129,17.77,1342,75.52,0.0,101.9
82037,Sant Cebrià de Vallalta,21,Maresme,71,15.68,3438,219.26,0.0,101.9
81213,Mataró,21,Maresme,28,22.53,129661,5755.04,1.0,92.4
81727,Premià de Mar,21,Maresme,8,2.11,28531,13521.8,1.0,103.1
80039,Alella,21,Maresme,90,9.58,9904,1033.82,1.0,121.0
81635,Pineda de Mar,21,Maresme,10,10.74,27984,2605.59,1.0,87.0
82819,Teià,21,Maresme,128,6.63,6427,969.38,1.0,119.9
80060,Arenys de Mar,21,Maresme,10,6.75,15941,2361.63,1.0,104.4
82824,Tiana,21,Maresme,136,7.95,8945,1125.16,1.0,124.9
82303,Premià de Dalt,21,Maresme,142,6.57,10441,1589.19,1.0,111.9
80095,Argentona,21,Maresme,88,25.4,12536,493.54,1.0,110.6
82845,Tordera,21,Maresme,34,84.09,17519,208.34,1.0,90.2
82613,Santa Susanna,21,Maresme,10,12.63,3548,280.92,0.0,101.9
81108,Malgrat de Mar,21,Maresme,4,8.82,18772,2128.34,1.0,92.5
82191,Vilassar de Mar,21,Maresme,10,4.0,21035,5258.75,1.0,116.5
81537,Òrrius,21,Maresme,259,5.66,758,133.92,0.0,101.9
80327,Caldes d'Estrac,21,Maresme,33,0.88,3021,3432.95,0.0,101.9
80291,Cabrera de Mar,21,Maresme,104,8.98,4747,528.62,0.0,101.9
82140,Vilassar de Dalt,21,Maresme,142,8.86,9072,1023.93,1.0,111.8
431384,Santa Bàrbara,22,Montsià,79,28.15,3715,131.97,0.0,84.6
430629,Freginals,22,Montsià,126,17.59,385,21.89,0.0,84.6
430635,"Galera, la",22,Montsià,112,27.47,736,26.79,0.0,84.6
431362,Sant Carles de la Ràpita,22,Montsià,11,53.72,14953,278.35,1.0,91.1
430141,Amposta,22,Montsià,8,138.31,21115,152.66,1.0,90.0
430688,Godall,22,Montsià,168,33.62,598,17.79,0.0,84.6
439023,Sant Jaume d'Enveja,22,Montsià,7,60.79,3527,58.02,0.0,84.6
430445,"Sénia, la",22,Montsià,369,108.41,564,5.2,1.0,79.8
430043,Alcanar,22,Montsià,72,47.07,9434,200.42,1.0,78.3
430786,Masdenverge,22,Montsià,54,14.61,1071,73.31,0.0,84.6
431567,Ulldecona,22,Montsià,133,126.88,6525,51.43,1.0,64.5
430770,Mas de Barberans,22,Montsià,348,78.8,564,7.16,0.0,84.6
250621,Camarasa,23,Noguera,321,157.13,810,5.15,0.0,89.4
252402,Vallfogona de Balaguer,23,Noguera,235,26.97,1906,70.67,0.0,89.4
250791,Cubells,23,Noguera,499,39.17,338,8.63,0.0,89.4
251348,Menàrguens,23,Noguera,205,20.25,813,40.15,0.0,89.4
251728,Ponts,23,Noguera,363,30.52,2644,86.63,0.0,89.4
250156,Algerri,23,Noguera,345,54.32,404,7.44,0.0,89.4
250404,Balaguer,23,Noguera,233,57.32,17472,304.82,1.0,83.6
250693,Castelló de Farfanya,23,Noguera,358,52.62,539,10.24,0.0,89.4
251641,Penelles,23,Noguera,276,25.51,436,17.09,0.0,89.4
250609,Cabanabona,23,Noguera,421,14.16,71,5.01,0.0,89.4
250083,Albesa,23,Noguera,237,37.61,1561,41.5,0.0,89.4
250946,Foradada,23,Noguera,455,28.55,203,7.11,0.0,89.4
250352,"Sentiu de Sió, la",23,Noguera,281,29.62,414,13.98,0.0,89.4
251569,Os de Balaguer,23,Noguera,463,135.96,980,7.21,0.0,89.4
250479,Bellcaire d'Urgell,23,Noguera,267,31.38,1199,38.21,0.0,89.4
250498,Bellmunt d'Urgell,23,Noguera,379,5.11,185,36.2,0.0,89.4
250426,"Baronia de Rialb, la",23,Noguera,388,145.08,229,1.58,0.0,89.4
250220,Alòs de Balaguer,23,Noguera,297,69.08,132,1.91,0.0,89.4
252311,Torrelameu,23,Noguera,201,10.93,735,67.25,0.0,89.4
251121,Ivars de Noguera,23,Noguera,314,27.14,332,12.23,0.0,89.4
251386,Montgai,23,Noguera,286,28.94,643,22.22,0.0,89.4
252496,Vilanova de l'Aguda,23,Noguera,409,53.68,200,3.73,0.0,89.4
250024,Àger,23,Noguera,642,160.57,580,3.61,0.0,89.4
250349,Artesa de Segre,23,Noguera,318,175.9,34,0.19,0.0,89.4
251500,Oliola,23,Noguera,452,86.28,203,2.35,0.0,89.4
251771,Preixens,23,Noguera,315,28.67,418,14.58,0.0,89.4
252509,Vilanova de Meià,23,Noguera,633,105.24,415,3.94,0.0,89.4
250371,"Avellanes i Santa Linya, les",23,Noguera,567,102.96,433,4.21,0.0,89.4
252228,Tiurana,23,Noguera,387,15.86,77,4.85,0.0,89.4
252206,Térmens,23,Noguera,208,27.54,136,4.94,0.0,89.4
82476,Santa Eulàlia de Riuprimer,24,Osona,568,13.82,1383,100.07,0.0,97.0
81516,Oristà,24,Osona,468,68.49,549,8.02,0.0,97.0
170638,Espinelves,24,Osona,752,17.43,221,12.68,0.0,97.0
81509,Orís,24,Osona,576,27.17,322,11.85,0.0,97.0
82652,Sant Vicenç de Torelló,24,Osona,555,6.56,2058,313.72,0.0,97.0
82541,"Esquirol, l'",24,Osona,693,61.8,2186,35.37,0.0,97.0
82460,Santa Eugènia de Berga,24,Osona,538,7.01,2278,324.96,0.0,97.0
80673,Centelles,24,Osona,496,15.18,7513,494.93,1.0,106.2
82439,Santa Cecília de Voltregà,24,Osona,519,8.63,182,21.09,0.0,97.0
82536,Santa Maria de Besora,24,Osona,866,24.73,161,6.51,0.0,97.0
81311,Montesquiu,24,Osona,577,4.94,103,20.85,0.0,97.0
80832,Folgueroles,24,Osona,552,10.47,2265,216.33,0.0,97.0
81167,"Masies de Roda, les",24,Osona,468,16.41,719,43.81,0.0,97.0
82690,Seva,24,Osona,663,30.4,3544,116.58,0.0,97.0
82711,Sobremunt,24,Osona,881,13.79,78,5.66,0.0,97.0
81290,Muntanyola,24,Osona,807,40.3,632,15.68,0.0,97.0
82726,Sora,24,Osona,716,31.73,212,6.68,0.0,97.0
172121,Vidrà,24,Osona,982,34.39,177,5.15,0.0,97.0
82750,Tavèrnoles,24,Osona,537,18.76,322,17.16,0.0,97.0
82802,Tavertet,24,Osona,869,32.49,105,3.23,0.0,97.0
83036,Vilanova de Sau,24,Osona,558,58.84,312,5.3,0.0,97.0
81000,Gurb,24,Osona,516,51.57,2713,52.61,0.0,97.0
81115,Malla,24,Osona,580,11.01,272,24.7,0.0,97.0
81094,Lluçà,24,Osona,745,52.98,276,5.21,0.0,97.0
172207,Viladrau,24,Osona,821,50.73,1047,20.64,0.0,97.0
81496,Olost,24,Osona,572,29.37,1202,40.93,0.0,97.0
82418,Sant Sadurní d'Osormort,24,Osona,531,30.6,76,2.48,0.0,97.0
81173,"Masies de Voltregà, les",24,Osona,533,22.35,3132,140.13,0.0,97.0
82016,Sant Boi de Lluçanès,24,Osona,813,19.53,580,29.7,0.0,97.0
82248,Sant Martí de Centelles,24,Osona,404,25.55,1184,46.34,0.0,97.0
80174,Balenyà,24,Osona,587,17.37,384,22.11,0.0,97.0
82251,Sant Martí d'Albars,24,Osona,629,14.73,114,7.74,0.0,97.0
81712,Prats de Lluçanès,24,Osona,707,13.78,2604,188.97,0.0,97.0
82981,Vic,24,Osona,484,30.58,4763,155.76,1.0,89.2
82153,Sant Hipòlit de Voltregà,24,Osona,536,0.92,354,384.78,0.0,97.0
81995,Sant Bartomeu del Grau,24,Osona,868,34.4,884,25.7,0.0,97.0
81607,Perafita,24,Osona,754,19.59,405,20.67,0.0,97.0
89019,Rupit i Pruit,24,Osona,822,47.81,271,5.67,0.0,97.0
80370,Calldetenes,24,Osona,489,5.8,2513,433.28,0.0,97.0
80044,Alpens,24,Osona,855,13.8,261,18.91,0.0,97.0
81957,Sant Agustí de Lluçanès,24,Osona,816,13.22,89,6.73,0.0,97.0
82785,Taradell,24,Osona,623,26.48,664,25.08,1.0,106.8
80266,"Brull, el",24,Osona,843,41.03,258,6.29,0.0,97.0
82331,Sant Pere de Torelló,24,Osona,621,55.13,247,4.48,0.0,97.0
81120,Manlleu,24,Osona,461,17.23,20912,1213.7,1.0,81.5
81831,Roda de Ter,24,Osona,443,2.23,649,291.03,1.0,97.8
82830,Tona,24,Osona,596,16.54,8356,505.2,1.0,103.5
82378,Sant Quirze de Besora,24,Osona,587,8.1,2154,265.93,0.0,97.0
82205,Sant Julià de Vilatorta,24,Osona,600,15.94,314,19.7,0.0,97.0
82858,Torelló,24,Osona,508,13.48,144,10.68,1.0,95.2
252154,Talarn,25,Pallars Jussà,572,27.95,595,21.29,0.0,96.0
252022,Senterada,25,Pallars Jussà,729,34.45,139,4.03,0.0,96.0
250019,Abella de la Conca,25,Pallars Jussà,956,78.27,183,2.34,0.0,96.0
252347,Tremp,25,Pallars Jussà,468,302.82,5911,19.52,1.0,90.7
251902,Salàs de Pallars,25,Pallars Jussà,573,20.27,327,16.13,0.0,96.0
251288,Llimiana,25,Pallars Jussà,790,41.68,146,3.5,0.0,96.0
251615,Conca de Dalt,25,Pallars Jussà,507,166.48,410,2.46,0.0,96.0
251961,Sant Esteve de la Sarga,25,Pallars Jussà,875,92.87,122,1.31,0.0,96.0
259046,Castell de Mur,25,Pallars Jussà,532,62.42,173,2.77,0.0,96.0
251713,"Pobla de Segur, la",25,Pallars Jussà,524,32.83,3043,92.69,0.0,96.0
252017,Sarroca de Bellera,25,Pallars Jussà,1002,87.51,116,1.33,0.0,96.0
251155,Isona i Conca Dellà,25,Pallars Jussà,659,139.37,1042,7.48,0.0,96.0
250984,Gavet de la Conca,25,Pallars Jussà,421,90.9,261,2.87,0.0,96.0
252271,"Torre de Cabdella, la",25,Pallars Jussà,1075,165.27,759,4.59,0.0,96.0
252213,Tírvia,26,Pallars Sobirà,991,8.5,134,15.76,0.0,107.0
251235,Lladorre,26,Pallars Sobirà,1052,146.98,237,1.61,0.0,107.0
259031,"Guingueta d'Àneu, la",26,Pallars Sobirà,919,108.42,289,2.67,0.0,107.0
251266,Llavorsí,26,Pallars Sobirà,811,68.51,346,5.05,0.0,107.0
250390,Baix Pallars,26,Pallars Sobirà,591,129.41,331,2.56,0.0,107.0
250241,Alt Àneu,26,Pallars Sobirà,1076,217.76,414,1.9,0.0,107.0
252094,Sort,26,Pallars Sobirà,692,105.05,2154,20.5,0.0,107.0
250175,Alins,26,Pallars Sobirà,1048,183.19,272,1.48,0.0,107.0
259010,Vall de Cardós,26,Pallars Sobirà,898,56.2,350,6.23,0.0,107.0
252081,Soriguera,26,Pallars Sobirà,1258,106.39,420,3.95,0.0,107.0
250827,Espot,26,Pallars Sobirà,1318,97.3,366,3.76,0.0,107.0
250864,Esterri d'Àneu,26,Pallars Sobirà,957,8.49,804,94.7,0.0,107.0
250870,Esterri de Cardós,26,Pallars Sobirà,1212,16.55,64,3.87,0.0,107.0
251832,Rialp,26,Pallars Sobirà,725,63.3,641,10.13,0.0,107.0
250899,Farrera,26,Pallars Sobirà,1294,61.87,108,1.75,0.0,107.0
251581,"Palau d'Anglesola, el",27,Pla d'Urgell,250,12.27,2166,176.53,0.0,86.5
252521,Vila-sana,27,Pla d'Urgell,249,19.1,734,38.43,0.0,86.5
252304,Torregrossa,27,Pla d'Urgell,232,40.52,2179,53.78,0.0,86.5
250680,Castellnou de Seana,27,Pla d'Urgell,269,16.11,665,41.28,0.0,86.5
251229,Linyola,27,Pla d'Urgell,248,28.66,2717,94.8,0.0,86.5
251137,Ivars d'Urgell,27,Pla d'Urgell,265,24.32,1537,63.2,0.0,86.5
251370,Mollerussa,27,Pla d'Urgell,250,7.08,14649,2069.07,1.0,77.1
250523,Bellvís,27,Pla d'Urgell,207,46.7,226,4.84,0.0,86.5
250931,Fondarella,27,Pla d'Urgell,243,5.43,776,142.91,0.0,86.5
250997,Golmés,27,Pla d'Urgell,275,16.62,1855,111.61,0.0,86.5
251351,Miralcamp,27,Pla d'Urgell,287,14.87,1385,93.14,0.0,86.5
252056,Sidamon,27,Pla d'Urgell,232,8.12,748,92.12,0.0,86.5
250485,Bell-lloc d'Urgell,27,Pla d'Urgell,196,34.92,2335,66.87,0.0,86.5
252483,Vilanova de Bellpuig,27,Pla d'Urgell,290,13.98,1183,84.62,0.0,86.5
251689,"Poal, el",27,Pla d'Urgell,216,8.88,670,75.45,0.0,86.5
250411,Barbens,27,Pla d'Urgell,283,7.56,878,116.14,0.0,86.5
171740,Sant Miquel de Campmajor,28,Pla de l'Estany,217,33.22,229,6.89,0.0,98.9
170157,Banyoles,28,Pla de l'Estany,172,11.05,20053,1814.75,1.0,91.5
172180,Vilademuls,28,Pla de l'Estany,120,61.54,835,13.57,0.0,98.9
171903,Serinyà,28,Pla de l'Estany,188,17.38,1133,65.19,0.0,98.9
170715,Fontcoberta,28,Pla de l'Estany,207,17.28,1469,85.01,0.0,98.9
170656,Esponellà,28,Pla de l'Estany,142,16.06,463,28.83,0.0,98.9
170353,Camós,28,Pla de l'Estany,168,15.66,677,43.23,0.0,98.9
171236,Palol de Revardit,28,Pla de l'Estany,152,17.98,448,24.92,0.0,98.9
170583,Crespià,28,Pla de l'Estany,138,11.38,254,22.32,0.0,98.9
170561,Cornellà del Terri,28,Pla de l'Estany,96,27.71,2399,86.58,0.0,98.9
171371,Porqueres,28,Pla de l'Estany,148,33.52,4677,139.53,0.0,98.9
430751,Margalef,29,Priorat,379,34.66,106,3.06,0.0,95.4
430764,Marçà,29,Priorat,315,16.06,600,37.36,0.0,95.4
430496,Cornudella de Montsant,29,Priorat,533,63.5,944,14.87,0.0,95.4
431732,"Vilella Alta, la",29,Priorat,327,5.15,133,25.83,0.0,95.4
430705,"Guiamets, els",29,Priorat,226,12.14,278,22.9,0.0,95.4
430691,Gratallops,29,Priorat,321,13.52,237,17.53,0.0,95.4
430271,"Bisbal de Falset, la",29,Priorat,372,14.14,211,14.92,0.0,95.4
430350,Cabacés,29,Priorat,358,31.27,302,9.66,0.0,95.4
430580,"Figuera, la",29,Priorat,576,18.69,114,6.1,0.0,95.4
430555,Falset,29,Priorat,364,31.62,2735,86.5,0.0,95.4
430402,Capçanes,29,Priorat,223,22.49,392,17.43,0.0,95.4
430727,"Lloar, el",29,Priorat,219,6.64,105,15.81,0.0,95.4
430234,Bellmunt del Priorat,29,Priorat,261,8.86,273,30.81,0.0,95.4
431747,"Vilella Baixa, la",29,Priorat,218,5.62,204,36.3,0.0,95.4
431140,Porrera,29,Priorat,316,28.83,424,14.71,0.0,95.4
430825,"Masroig, el",29,Priorat,192,15.51,492,31.72,0.0,95.4
431129,Poboleda,29,Priorat,343,13.95,321,23.01,0.0,95.4
431515,"Torre de Fontaubella, la",29,Priorat,369,7.11,131,18.42,0.0,95.4
431153,Pradell de la Teixeta,29,Priorat,463,21.83,158,7.24,0.0,95.4
431541,Torroja del Priorat,29,Priorat,332,13.16,152,11.55,0.0,95.4
430859,"Molar, el",29,Priorat,228,22.81,291,12.76,0.0,95.4
430960,"Morera de Montsant, la",29,Priorat,743,52.88,159,3.01,0.0,95.4
431573,Ulldemolins,29,Priorat,650,38.17,398,10.43,0.0,95.4
430672,Ginestar,30,Ribera d'Ebre,26,15.84,764,48.23,0.0,93.2
431212,Rasquera,30,Ribera d'Ebre,174,51.31,783,15.26,0.0,93.2
430939,Móra d'Ebre,30,Ribera d'Ebre,38,45.12,5695,126.22,1.0,93.6
431779,Vinebre,30,Ribera d'Ebre,34,26.44,425,16.07,0.0,93.2
431520,"Torre de l'Espanyol, la",30,Ribera d'Ebre,164,27.9,601,21.54,0.0,93.2
431251,Riba-roja d'Ebre,30,Ribera d'Ebre,76,99.14,111,1.12,0.0,93.2
430944,Móra la Nova,30,Ribera d'Ebre,31,15.93,3108,195.1,0.0,93.2
430995,"Palma d'Ebre, la",30,Ribera d'Ebre,335,37.92,338,8.91,0.0,93.2
430265,Benissanet,30,Ribera d'Ebre,26,23.06,114,4.94,0.0,93.2
431508,Tivissa,30,Ribera d'Ebre,309,209.43,1619,7.73,0.0,93.2
430653,Garcia,30,Ribera d'Ebre,73,52.37,527,10.06,0.0,93.2
430846,Miravet,30,Ribera d'Ebre,43,32.33,706,21.84,0.0,93.2
430607,Flix,30,Ribera d'Ebre,47,116.9,341,2.92,0.0,93.2
430192,Ascó,30,Ribera d'Ebre,70,73.63,1644,22.33,0.0,93.2
170372,Campelles,31,Ripollès,1303,18.64,140,7.51,0.0,99.5
171674,Sant Joan de les Abadesses,31,Ripollès,773,53.67,3224,60.07,0.0,99.5
170806,Gombrèn,31,Ripollès,919,43.26,192,4.44,0.0,99.5
170391,Camprodon,31,Ripollès,947,103.38,2298,22.23,0.0,99.5
170366,Campdevànol,31,Ripollès,738,32.62,3232,99.08,0.0,99.5
172240,Vilallonga de Ter,31,Ripollès,1067,64.2,398,6.2,0.0,99.5
171349,Planoles,31,Ripollès,1136,18.75,304,16.21,0.0,99.5
171254,Pardines,31,Ripollès,1226,31.05,169,5.44,0.0,99.5
171479,Ripoll,31,Ripollès,691,73.71,10803,146.56,1.0,93.1
171077,Molló,31,Ripollès,1182,43.09,336,7.8,0.0,99.5
170433,Queralbs,31,Ripollès,1236,93.47,188,2.01,0.0,99.5
170911,Llanars,31,Ripollès,983,24.73,535,21.63,0.0,99.5
172018,Toses,31,Ripollès,1444,57.88,168,2.9,0.0,99.5
171925,Setcases,31,Ripollès,1265,49.12,170,3.46,0.0,99.5
171450,Ribes de Freser,31,Ripollès,912,41.87,176,4.2,0.0,99.5
171707,Vallfogona de Ripollès,31,Ripollès,956,39.2,196,5.0,0.0,99.5
170963,"Llosses, les",31,Ripollès,895,114.02,212,1.86,0.0,99.5
171772,Sant Pau de Segúries,31,Ripollès,867,8.74,688,78.72,0.0,99.5
171122,Ogassa,31,Ripollès,951,45.22,240,5.31,0.0,99.5
259118,"Plans de Sió, els",32,Segarra,412,55.89,491,8.79,0.0,84.7
252192,Tarroja de Segarra,32,Segarra,460,7.61,188,24.7,0.0,84.7
252167,Talavera,32,Segarra,791,30.11,279,9.27,0.0,84.7
251044,Granyena de Segarra,32,Segarra,636,16.3,151,9.26,0.0,84.7
251522,"Oluges, les",32,Segarra,528,18.95,171,9.02,0.0,84.7
251039,Granyanella,32,Segarra,508,24.35,143,5.87,0.0,84.7
250729,Cervera,32,Segarra,548,55.19,935,16.94,1.0,87.0
251945,Sant Ramon,32,Segarra,641,18.53,487,26.28,0.0,84.7
250851,Estaràs,32,Segarra,596,20.99,156,7.43,0.0,84.7
252234,Torà,32,Segarra,448,93.31,1237,13.26,0.0,84.7
251109,Guissona,32,Segarra,484,18.1,7248,400.44,1.0,66.4
251431,Montornès de Segarra,32,Segarra,605,12.32,96,7.79,0.0,84.7
250557,Biosca,32,Segarra,455,66.21,177,2.67,0.0,84.7
251924,Sant Guim de Freixenet,32,Segarra,738,25.1,1037,41.31,0.0,84.7
251142,Ivorra,32,Segarra,567,15.36,108,7.03,0.0,84.7
251919,Sanaüja,32,Segarra,409,32.99,379,11.49,0.0,84.7
251327,Massoteres,32,Segarra,502,26.11,212,8.12,0.0,84.7
251977,Sant Guim de la Plana,32,Segarra,556,12.45,181,14.54,0.0,84.7
251410,Montoliu de Segarra,32,Segarra,689,29.47,187,6.35,0.0,84.7
259059,Ribera d'Ondara,32,Segarra,570,54.47,433,7.95,0.0,84.7
259078,Torrefeta i Florejacs,32,Segarra,475,88.91,607,6.83,0.0,84.7
250143,Alfés,33,Segrià,236,31.94,297,9.3,0.0,92.0
252043,Seròs,33,Segrià,103,85.75,1946,22.69,0.0,92.0
251898,Rosselló,33,Segrià,252,9.92,3237,326.31,0.0,92.0
250138,Alfarràs,33,Segrià,281,11.4,2765,242.54,0.0,92.0
252000,Sarroca de Lleida,33,Segrià,201,42.18,358,8.49,0.0,92.0
250169,Alguaire,33,Segrià,304,50.11,3029,60.45,0.0,92.0
250208,Almatret,33,Segrià,462,56.83,305,5.37,0.0,92.0
250215,Almenar,33,Segrià,329,66.59,3357,50.41,0.0,92.0
250387,Aitona,33,Segrià,110,66.9,2567,38.37,0.0,92.0
251826,Puigverd de Lleida,33,Segrià,219,12.51,1349,107.83,0.0,92.0
251207,Lleida,33,Segrià,155,212.3,140403,661.34,1.0,93.3
250334,Artesa de Lleida,33,Segrià,202,23.94,1535,64.12,0.0,92.0
250365,Aspa,33,Segrià,256,10.21,220,21.55,0.0,92.0
250077,Albatàrrec,33,Segrià,147,10.46,2236,213.77,0.0,92.0
251749,"Portella, la",33,Segrià,259,12.31,743,60.36,0.0,92.0
252108,Soses,33,Segrià,118,30.16,1761,58.39,0.0,92.0
250045,"Alamús, els",33,Segrià,212,20.53,811,39.5,0.0,92.0
250539,Benavent de Segrià,33,Segrià,234,7.43,1518,204.31,0.0,92.0
250100,Alcanó,33,Segrià,214,21.03,238,11.32,0.0,92.0
250788,Corbins,33,Segrià,211,21.01,1462,69.59,0.0,92.0
250122,Alcoletge,33,Segrià,213,16.7,3435,205.69,0.0,92.0
251312,Massalcoreig,33,Segrià,94,14.14,610,43.14,0.0,92.0
252332,Torre-serona,33,Segrià,197,5.89,398,67.57,0.0,92.0
250236,Alpicat,33,Segrià,264,15.33,6266,408.74,1.0,113.9
250194,Almacelles,33,Segrià,247,49.03,6826,139.22,1.0,79.3
251253,Llardecans,33,Segrià,397,66.04,444,6.72,0.0,92.0
252120,Sunyer,33,Segrià,211,12.66,343,27.09,0.0,92.0
250117,Alcarràs,33,Segrià,137,114.29,9707,84.93,1.0,76.7
252287,Torrefarrera,33,Segrià,214,23.49,4694,199.83,0.0,92.0
251333,Maials,33,Segrià,395,57.08,909,15.93,0.0,92.0
252265,Torrebesses,33,Segrià,287,27.45,267,9.73,0.0,92.0
259123,Gimenells i el Pla de la Font,33,Segrià,258,55.84,112,2.01,0.0,92.0
252326,Torres de Segre,33,Segrià,119,50.61,2366,46.75,0.0,92.0
252516,Vilanova de Segrià,33,Segrià,255,8.51,985,115.75,0.0,92.0
252542,Vilanova de la Barca,33,Segrià,195,21.55,1088,50.49,0.0,92.0
251023,"Granja d'Escarp, la",33,Segrià,78,38.51,922,23.94,0.0,92.0
251425,Montoliu de Lleida,33,Segrià,166,7.34,483,65.8,0.0,92.0
252115,Sudanell,33,Segrià,152,8.69,840,96.66,0.0,92.0
171595,Sant Feliu de Buixalleu,34,Selva,402,61.94,797,12.87,0.0,87.7
170274,Breda,34,Selva,169,5.02,3762,749.4,0.0,87.7
171169,Osor,34,Selva,340,52.07,428,8.22,0.0,87.7
171485,Riudarenes,34,Selva,84,47.6,2204,46.3,0.0,87.7
172333,Vilobí d'Onyar,34,Selva,122,32.59,3333,102.27,0.0,87.7
171946,Susqueda,34,Selva,816,50.61,93,1.84,0.0,87.7
171931,Sils,34,Selva,76,29.91,6219,207.92,1.0,95.3
170834,Hostalric,34,Selva,189,3.39,4291,1265.78,0.0,87.7
170078,Amer,34,Selva,186,40.08,2332,58.18,0.0,87.7
171899,"Cellera de Ter, la",34,Selva,166,14.63,195,13.33,0.0,87.7
171642,Sant Hilari Sacalm,34,Selva,803,83.28,5703,68.48,1.0,85.6
170950,Lloret de Mar,34,Selva,5,48.71,39089,802.48,1.0,75.2
171030,Maçanet de la Selva,34,Selva,100,45.58,7066,155.02,1.0,84.3
171805,Santa Coloma de Farners,34,Selva,142,70.64,13363,189.17,1.0,87.2
179032,Sant Julià del Llor i Bonmatí,34,Selva,160,9.73,1313,134.94,0.0,87.7
171501,Riudellots de la Selva,34,Selva,98,13.12,2071,157.85,0.0,87.7
170280,Brunyola i Sant Martí Sapresa,34,Selva,247,36.82,389,10.56,0.0,87.7
170237,Blanes,34,Selva,13,17.66,39914,2260.14,1.0,89.7
170084,Anglès,34,Selva,181,16.31,5654,346.66,1.0,87.7
170335,Caldes de Malavella,34,Selva,84,57.33,7872,137.31,1.0,101.4
80826,Fogars de la Selva,34,Selva,45,32.12,1469,45.73,0.0,87.7
171463,Riells i Viabrea,34,Selva,96,26.98,4153,153.93,0.0,87.7
172137,Vidreres,34,Selva,93,48.05,7951,165.47,1.0,92.2
172023,Tossa de Mar,34,Selva,5,38.58,5818,150.8,1.0,89.7
171019,Massanes,34,Selva,164,26.07,796,30.53,0.0,87.7
170097,Arbúcies,34,Selva,291,86.22,6608,76.64,1.0,83.3
251484,Odèn,35,Solsonès,1130,114.38,258,2.26,0.0,98.1
251667,Pinell de Solsonès,35,Solsonès,800,91.11,193,2.12,0.0,98.1
250642,Castellar de la Ribera,35,Solsonès,657,60.19,131,2.18,0.0,98.1
251673,Pinós,35,Solsonès,823,104.32,286,2.74,0.0,98.1
251863,Riner,35,Solsonès,830,47.1,263,5.58,0.0,98.1
251930,Sant Llorenç de Morunys,35,Solsonès,925,4.34,960,221.2,0.0,98.1
251116,Guixers,35,Solsonès,840,66.44,132,1.99,0.0,98.1
250753,Clariana de Cardener,35,Solsonès,500,40.78,161,3.95,0.0,98.1
251462,Navès,35,Solsonès,610,145.27,284,1.95,0.0,98.1
251636,"Coma i la Pedra, la",35,Solsonès,1004,60.62,255,4.21,0.0,98.1
251240,Lladurs,35,Solsonès,834,128.03,180,1.41,0.0,98.1
252075,Solsona,35,Solsonès,664,17.7,9137,516.21,1.0,93.0
251364,"Molsosa, la",35,Solsonès,667,26.89,104,3.87,0.0,98.1
251517,Olius,35,Solsonès,742,54.84,981,17.89,0.0,98.1
251291,Llobera,35,Solsonès,855,39.23,188,4.79,0.0,98.1
431227,Renau,36,Tarragonès,175,8.22,162,19.71,0.0,93.6
430509,Creixell,36,Tarragonès,48,10.46,3758,359.27,0.0,93.6
431665,Vilallonga del Camp,36,Tarragonès,124,9.04,2405,266.04,0.0,93.6
431536,Torredembarra,36,Tarragonès,15,8.71,16567,1902.07,1.0,92.5
439076,"Canonja, la",36,Tarragonès,50,7.32,5956,813.66,1.0,99.9
431264,"Riera de Gaià, la",36,Tarragonès,28,8.76,1742,198.86,0.0,93.6
431037,Perafort,36,Tarragonès,125,9.54,1264,132.49,0.0,93.6
431711,Vila-seca,36,Tarragonès,45,21.64,22555,1042.28,1.0,89.5
431482,Tarragona,36,Tarragonès,68,57.88,136496,2358.26,1.0,94.5
431114,"Pobla de Montornès, la",36,Tarragonès,56,12.29,2884,234.66,0.0,93.6
430957,"Morell, el",36,Tarragonès,104,5.94,3742,629.97,0.0,93.6
439057,Salou,36,Tarragonès,2,15.13,28526,1885.39,1.0,84.1
430120,Altafulla,36,Tarragonès,52,6.95,5307,763.6,1.0,109.3
430976,"Nou de Gaià, la",36,Tarragonès,93,4.32,600,138.89,0.0,93.6
430430,"Catllar, el",36,Tarragonès,59,26.43,4557,172.42,0.0,93.6
431009,"Pallaresos, els",36,Tarragonès,120,5.13,485,94.54,0.0,93.6
430477,Constantí,36,Tarragonès,81,30.87,6665,215.91,1.0,78.3
431310,Roda de Berà,36,Tarragonès,57,16.5,6785,411.21,1.0,90.0
431093,"Pobla de Mafumet, la",36,Tarragonès,98,6.21,3971,639.45,0.0,93.6
431444,"Secuita, la",36,Tarragonès,169,17.77,1708,96.12,0.0,93.6
431649,Vespella de Gaià,36,Tarragonès,191,18.04,417,23.12,0.0,93.6
431359,Salomó,36,Tarragonès,165,12.21,549,44.96,0.0,93.6
430640,Gandesa,37,Terra Alta,363,71.15,3096,43.51,0.0,90.3
430326,Bot,37,Terra Alta,286,34.94,554,15.86,0.0,90.3
431107,"Pobla de Massaluca, la",37,Terra Alta,357,43.4,317,7.3,0.0,90.3
430712,Horta de Sant Joan,37,Terra Alta,542,118.99,1146,9.63,0.0,90.3
430568,"Fatarella, la",37,Terra Alta,487,56.52,926,16.38,0.0,90.3
430419,Caseres,37,Terra Alta,324,42.9,237,5.52,0.0,90.3
430189,Arnes,37,Terra Alta,506,42.97,444,10.33,0.0,90.3
430483,Corbera d'Ebre,37,Terra Alta,337,53.09,1003,18.89,0.0,90.3
431172,Prat de Comte,37,Terra Alta,363,26.43,177,6.7,0.0,90.3
431068,"Pinell de Brai, el",37,Terra Alta,189,56.99,1008,17.69,0.0,90.3
430228,Batea,37,Terra Alta,376,128.41,1901,14.8,0.0,90.3
431750,Vilalba dels Arcs,37,Terra Alta,450,67.25,621,9.23,0.0,90.3
252173,Tàrrega,38,Urgell,373,88.36,17445,197.43,1.0,92.2
251765,Preixana,38,Urgell,328,21.52,387,17.98,0.0,91.0
252252,Tornabous,38,Urgell,289,24.17,822,34.01,0.0,91.0
252445,Vilagrassa,38,Urgell,355,19.87,560,28.18,0.0,91.0
251811,Puigverd d'Agramunt,38,Urgell,366,17.0,229,13.47,0.0,91.0
252385,Vallbona de les Monges,38,Urgell,481,34.14,243,7.12,0.0,91.0
250463,Belianes,38,Urgell,373,15.69,520,33.14,0.0,91.0
251305,Maldà,38,Urgell,428,31.36,227,7.24,0.0,91.0
250273,Anglesola,38,Urgell,335,23.53,1365,58.01,0.0,91.0
252424,Verdú,38,Urgell,434,35.79,902,25.2,0.0,91.0
250962,"Fuliola, la",38,Urgell,275,11.05,125,11.31,0.0,91.0
259025,Sant Martí de Riucorb,38,Urgell,409,34.9,639,18.31,0.0,91.0
251543,"Omells de na Gaia, els",38,Urgell,560,13.48,130,9.64,0.0,91.0
250707,Castellserà,38,Urgell,267,15.84,996,62.88,0.0,91.0
250740,Ciutadilla,38,Urgell,519,17.03,208,12.21,0.0,91.0
250030,Agramunt,38,Urgell,337,79.65,5411,67.93,1.0,93.2
251095,Guimerà,38,Urgell,555,25.76,271,10.52,0.0,91.0
250501,Bellpuig,38,Urgell,308,34.98,5218,149.17,1.0,81.5
251575,Ossó de Sió,38,Urgell,391,26.29,203,7.72,0.0,91.0
251459,Nalec,38,Urgell,487,9.25,90,9.73,0.0,91.0
250254,Naut Aran,39,Aran,1267,255.75,1836,7.18,0.0,107.4
250595,Bossòst,39,Aran,710,28.17,1115,39.58,0.0,107.4
250576,"Bòrdes, Es",39,Aran,852,21.44,255,11.89,0.0,107.4
250313,Arres,39,Aran,1224,11.57,60,5.19,0.0,107.4
251214,Les,39,Aran,634,23.45,971,41.41,0.0,107.4
250637,Canejan,39,Aran,906,48.32,89,1.84,0.0,107.4
252477,Vilamòs,39,Aran,1255,15.44,178,11.53,0.0,107.4
250450,Bausen,39,Aran,931,17.72,60,3.39,0.0,107.4
252430,Vielha e Mijaran,39,Aran,974,211.74,5611,26.5,1.0,106.1
82671,Sentmenat,40,Vallès Occidental,207,28.8,9235,320.66,1.0,106.0
82606,Santa Perpètua de Mogoda,40,Vallès Occidental,74,15.83,25999,1642.39,1.0,98.6
81803,Ripollet,40,Vallès Occidental,79,4.33,39179,9048.27,1.0,95.6
82665,Cerdanyola del Vallès,40,Vallès Occidental,82,30.56,57855,1893.16,1.0,109.5
81799,Rellinars,40,Vallès Occidental,322,17.79,809,45.47,0.0,103.0
80543,Castellbisbal,40,Vallès Occidental,132,31.03,12539,404.09,1.0,107.8
80517,Castellar del Vallès,40,Vallès Occidental,331,44.91,24488,545.27,1.0,109.2
82917,Vacarisses,40,Vallès Occidental,382,40.7,6832,167.86,1.0,110.0
82900,Ullastrell,40,Vallès Occidental,342,7.31,2089,285.77,0.0,103.0
83008,Viladecavalls,40,Vallès Occidental,274,20.09,7545,375.56,1.0,113.6
82520,Barberà del Vallès,40,Vallès Occidental,146,8.31,33334,4011.31,1.0,103.6
89045,Badia del Vallès,40,Vallès Occidental,120,0.93,13415,14424.73,1.0,84.1
82798,Terrassa,40,Vallès Occidental,277,70.16,223627,3187.39,1.0,98.1
82384,Sant Quirze del Vallès,40,Vallès Occidental,188,14.07,20195,1435.32,1.0,121.7
81672,Polinyà,40,Vallès Occidental,123,8.79,8504,967.46,1.0,102.2
81878,Sabadell,40,Vallès Occidental,190,37.79,21652,572.96,1.0,98.2
81568,Palau-solità i Plegamans,40,Vallès Occidental,130,14.93,14892,997.45,1.0,108.3
81206,Matadepera,40,Vallès Occidental,423,25.36,9496,374.45,1.0,131.6
81252,Montcada i Reixac,40,Vallès Occidental,36,23.47,36803,1568.09,1.0,96.7
81846,Rubí,40,Vallès Occidental,123,32.3,78591,2433.16,1.0,97.9
82055,Sant Cugat del Vallès,40,Vallès Occidental,124,48.23,92977,1927.78,1.0,124.3
80879,Gallifa,40,Vallès Occidental,502,16.33,167,10.23,0.0,103.0
82233,Sant Llorenç Savall,40,Vallès Occidental,466,41.11,2417,58.79,0.0,103.0
81154,Martorelles,41,Vallès Oriental,96,3.61,482,133.52,0.0,101.5
80425,Cànoves i Samalús,41,Vallès Oriental,346,29.19,3156,108.12,0.0,101.5
81982,Sant Antoni de Vilamajor,41,Vallès Oriental,258,13.7,6208,453.14,1.0,110.3
80977,Gualba,41,Vallès Oriental,177,23.29,1548,66.47,0.0,101.5
80399,Campins,41,Vallès Oriental,321,7.29,541,74.21,0.0,101.5
80057,"Ametlla del Vallès, l'",41,Vallès Oriental,281,14.24,8646,607.16,1.0,118.3
80462,Cardedeu,41,Vallès Oriental,193,12.1,18424,1522.64,1.0,111.2
80410,Canovelles,41,Vallès Oriental,175,6.66,16829,2526.88,1.0,77.6
81347,Figaró-Montmany,41,Vallès Oriental,330,14.99,1142,76.18,0.0,101.5
89024,Vilanova del Vallès,41,Vallès Oriental,91,15.2,5503,362.04,1.0,115.3
82969,Vallromanes,41,Vallès Oriental,153,10.65,2558,240.19,0.0,101.5
82943,Vallgorguina,41,Vallès Oriental,222,22.13,2988,135.02,0.0,101.5
80142,Aiguafreda,41,Vallès Oriental,404,7.9,2512,317.97,0.0,101.5
81810,"Roca del Vallès, la",41,Vallès Oriental,123,36.9,10754,291.44,1.0,111.2
80811,Fogars de Montclús,41,Vallès Oriental,386,39.72,475,11.96,0.0,101.5
80235,Bigues i Riells del Fai,41,Vallès Oriental,307,28.64,9358,326.75,1.0,106.3
81593,Parets del Vallès,41,Vallès Oriental,98,9.12,19071,2091.12,1.0,104.5
81379,Montseny,41,Vallès Oriental,528,26.77,351,13.11,0.0,101.5
80333,Caldes de Montbui,41,Vallès Oriental,203,37.45,17812,475.62,1.0,106.1
82021,Sant Celoni,41,Vallès Oriental,152,65.23,18136,278.03,1.0,98.1
82592,Santa Maria de Palautordera,41,Vallès Oriental,208,16.94,963,56.85,1.0,102.7
82567,Santa Maria de Martorelles,41,Vallès Oriental,181,4.51,890,197.34,0.0,101.5
82074,Sant Esteve de Palautordera,41,Vallès Oriental,231,10.64,2864,269.17,0.0,101.5
82346,Sant Pere de Vilamajor,41,Vallès Oriental,305,34.72,4544,130.88,0.0,101.5
81069,Llinars del Vallès,41,Vallès Oriental,198,27.63,10018,362.58,1.0,103.2
81081,Lliçà de Vall,41,Vallès Oriental,125,10.83,6497,599.91,1.0,111.8
82482,Santa Eulàlia de Ronçana,41,Vallès Oriental,236,14.23,7426,521.86,1.0,107.4
81075,Lliçà d'Amunt,41,Vallès Oriental,145,22.33,15469,692.75,1.0,105.6
83067,Vilalba Sasserra,41,Vallès Oriental,200,6.05,753,124.46,0.0,101.5
81249,Mollet del Vallès,41,Vallès Oriental,65,10.77,516,47.91,1.0,94.8
81056,"Llagosta, la",41,Vallès Oriental,45,3.03,13587,4484.16,1.0,88.0
81350,Montmeló,41,Vallès Oriental,72,4.0,8831,2207.75,1.0,100.0
82093,Sant Fost de Campsentelles,41,Vallès Oriental,112,13.15,8853,673.23,1.0,109.2
82107,Sant Feliu de Codines,41,Vallès Oriental,480,15.0,6363,424.2,1.0,100.5
80961,Granollers,41,Vallès Oriental,145,14.87,62419,4197.65,1.0,98.3
80885,"Garriga, la",41,Vallès Oriental,252,18.8,16668,886.6,1.0,110.5
80863,"Franqueses del Vallès, les",41,Vallès Oriental,181,29.14,20364,698.83,1.0,99.3
81363,Montornès del Vallès,41,Vallès Oriental,116,10.23,16644,1626.98,1.0,94.5
82763,Tagamanent,41,Vallès Oriental,354,43.31,318,7.34,0.0,101.5
81287,Monistrol de Calders,42,Moianès,447,21.97,702,31.95,0.0,103.6
80706,Collsuspina,42,Moianès,901,15.06,359,23.84,0.0,103.6
82397,Sant Quirze Safaja,42,Moianès,627,26.21,631,24.07,0.0,103.6
80790,"Estany, l'",42,Moianès,870,10.25,408,39.8,0.0,103.6
81385,Moià,42,Moianès,717,75.31,6383,84.76,1.0,100.3
82589,Santa Maria d'Oló,42,Moianès,542,66.21,1024,15.47,0.0,103.6
80641,Castellterçol,42,Moianès,726,31.9,2548,79.87,0.0,103.6
80556,Castellcir,42,Moianès,773,34.18,742,21.71,0.0,103.6
80348,Calders,42,Moianès,552,33.09,1045,31.58,0.0,103.6
80958,Granera,42,Moianès,782,23.73,77,3.24,0.0,103.6
